Question,Answer
Wealth Mastery,
Lesson 1 - Recognizing your Money Blocks,https://www.miteshkhatri.com/MoneyAssessment
Lesson 2 - Release Negative Money Frequency with EFT,https://www.miteshkhatri.com/MoneyEFT
Lesson 3 - Happy Millionaire Emotions,https://www.miteshkhatri.com/MoneyEmotions
Lesson 4 - Happy Millionaire Beliefs,https://www.miteshkhatri.com/MoneyBeliefs
Lesson 5 - Happy Millionaire Actions,https://www.miteshkhatri.com/MoneyActions
Lesson 6 - Attracting Ultimate Financial Freedom with SDE,https://www.miteshkhatri.com/FinancialFreedom
Lesson 7 - Multiple Money Making Skills to Create Multiple Sources of Income,https://www.miteshkhatri.com/MSI
Lesson 8 - Match your Needs with Your Goals,https://www.miteshkhatri.com/MoneyNeeds
Lesson 9 - How to Write Your 1st Book Fast and Easy,https://www.miteshkhatri.com/BookWriting
Lesson 10 - Changing your Emotional Frequency for Money,https://www.miteshkhatri.com/WML10
Lesson 11 - PMDSPM System to Manage Money,https://www.miteshkhatri.com/PMDSPM
Lesson 12 - Coherence Breathing,https://www.miteshkhatri.com/CoherenceBreathing
Lesson 13 - Decision Making,https://www.miteshkhatri.com/DecisionMaking
Lesson 14 - Sell First Make Later Fail Fast,https://www.miteshkhatri.com/WML14
Lesson 15 - How to Invest & Multiply your Money like a Millionaire,https://www.miteshkhatri.com/WML15
Lesson 16 - Maintain Millionaire Frequency with 5 Beliefs,https://www.miteshkhatri.com/WML16
Lesson 17 - Complete Investment Guide by Indu Khatri,https://www.miteshkhatri.com/MoneyIndu
BONUS - The Science of Vastu Explained,https://www.miteshkhatri.com/MoneyVastu
ALOA,
Prepare for Advance Law of Attraction And Result Sharing,https://www.miteshkhatri.com/ALOAL01
Lesson 1 - Upgrading Your Emotional Frequency,https://www.miteshkhatri.com/ALOAL1
Lesson 1.1 - Upgrading Your Emotional Frequency,https://www.miteshkhatri.com/2S2C
Lesson 2 - Match your FTBA Frequency with your Goal,https://www.miteshkhatri.com/FTBA
Lesson 3 - Make Your Positive Emotional Conditions Easy Negative Emotional Conditions Difficult,https://www.miteshkhatri.com/EmotionalPurpose
Lesson 4 - Balancing your Yin-Yang Frequency,https://www.miteshkhatri.com/YinYang
Lesson 5 - The Source of your Action - Your Values,https://www.miteshkhatri.com/Values
Lesson 6 - Seven Chakras Understanding Energizing Activation,https://www.miteshkhatri.com/Chakras
Lesson 7 - Seven Energy Needs - How to Align Your Needs with Wants,https://www.miteshkhatri.com/Needs
Lesson 8 - Big Small Life Questions to Instantly Change your Frequency,https://www.miteshkhatri.com/Questions
Lesson 9 - Change your Limiting Beliefs in just 10 Mins,https://www.miteshkhatri.com/LimitingBeliefs
Lesson 10 - Advance Ho Oponopono,https://www.miteshkhatri.com/AdvanceHo
Lesson 11 - Removing all your Fears in just 1 Hour,https://www.miteshkhatri.com/RemoveFear
Lesson 12 - Integration Exercise of ALOA Lessons,https://www.miteshkhatri.com/ALOAIntegration
Ho'Oponopono + EFT Certification Course,
Lesson 1 - Demonstration of Advance Ho Oponpono,https://www.miteshkhatri.com/HOOPL1
Lesson 1.1 - Understanding Practice of Basic Vs Advance Ho Oponpono,https://www.miteshkhatri.com/AdvanceHope
Lesson 2 - Ho Oponopono Letting Go Technique,https://www.miteshkhatri.com/LettingGo
Lesson 3 - NLP Balloon Healing Technique,https://www.miteshkhatri.com/Balloon
Lesson 4 - Emotional Freedom Technique EFT,https://www.miteshkhatri.com/EFT
Lesson 5 - Love Ponopono Healing Technique,https://www.miteshkhatri.com/LovePono
Lesson 6 - Clarity on How Much Money You Can Make As a Healer,https://www.miteshkhatri.com/HOOPL6
Lesson 7 - Ready Script for Inviting People for Free Healing Sessions,https://www.miteshkhatri.com/HoWebinar
Lesson 8 - Free Webinar Part 1 - How to Prepare People in your Webinar,https://www.miteshkhatri.com/HOOPL8
Lesson 9 - Free Webinar Part 2 - Giving Tears of Joy Experience,https://www.miteshkhatri.com/HOOPL9
Lesson 10 - Free Webinar Part 3 - Inviting People for 5 Days Free Healing,https://www.miteshkhatri.com/HOOPL10
Lesson 11 - What to Deliver in the 5 Days Free Healing Sessions,https://www.miteshkhatri.com/HOOPL11
Lesson 12 - Ready to Script to Sell on Graduation Day,https://www.miteshkhatri.com/HOOPL12
Lesson 13 - What to Deliver in 30 Days Paid Healing Sessions,https://www.miteshkhatri.com/HOOPL13
Lesson 14 - How to Get Your Certificate,https://www.miteshkhatri.com/HoCertificate
Lesson 15 - Remote Healing Technique,https://www.miteshkhatri.com/RemoteHealing
Lesson 16 - The Best in Me Inviting the Best in You,https://www.miteshkhatri.com/HOOPL16
Lesson 17 - Subconscious Programming to Get Comfortable to Charge for Healing,https://www.miteshkhatri.com/HOOPL17
Lesson 18 - How to Share Music in Zoom and What Music to Use,https://www.miteshkhatri.com/HOOPL18
Lesson 19 - How to Attract Unlimited Students from YouTube,https://www.miteshkhatri.com/HoYouTube
Relationship Mastery with Mitesh Khatri,
Senior Members Result Sharing,
Lesson 1 - The Source of your Relationships - Your Parents,https://www.miteshkhatri.com/Source
Lesson 2 - The Skill to Master Loving Accepting Yourself with Reflection,https://www.miteshkhatri.com/Reflection
Lesson 3 - The Skill to Understand Difference Between Men Vs Women,https://www.miteshkhatri.com/MenWomen
Lesson 4 - Ritual Of Relating,https://www.miteshkhatri.com/Rituals
Recap Result Sharing,
Lesson 5 - The skill to understand and accept your partner through FIRO-B,https://www.miteshkhatri.com/FiroB
How to Achieve 10 year Of Success in 1 year,
Lesson 6 - Fulfilling Each other s Needs,https://www.miteshkhatri.com/RNeeds
Lesson 7 - The Skill to Balance Perspective to Master Acceptance,https://www.miteshkhatri.com/Balance
Lesson 8 - The skill to Trust Bank Account,https://www.miteshkhatri.com/TBA
Lesson 9 - Rapport Building,https://www.miteshkhatri.com/Rapport
Lesson 10 - The Skill to Break Up Easily Let People Go with Love,https://www.miteshkhatri.com/BreakUp
Lesson 11 - How to Manage Conflict bv Managing Categories of Relationships,https://www.miteshkhatri.com/Conflicts
Lesson 12 - Master the Skill to Recover from Fights,https://www.miteshkhatri.com/Fights
Lesson 13- The skill to Managing Ego - Child Adult Parent EGO,https://www.miteshkhatri.com/Ego
NLP - Neuro Linguistic Programming,
Introduction To NLP,
Lesson 1 - NLP Intro Results Sharing of Senior Members,
Lesson 2 - Generalization Deletion and Distortion Filters,https://www.miteshkhatri.com/GDD
Lesson 2 - Results of GDD,
Lesson 3 - Primary and Sub-Modalities of VAK,https://www.miteshkhatri.com/VAK
Lesson 4 - Like to Dislike anything in just 5 Mins,https://www.miteshkhatri.com/LikeDislike
Lesson 5 - Dislike to Like anything in just 5 Mins,https://www.miteshkhatri.com/DislikeLike
Recap Result Sharing,
Lesson 6 - Anchoring - Automatic Emotional Programmes,https://www.miteshkhatri.com/Anchoring
Lesson 7 - Swish Technique to Change Small Habits in 5 Mins,https://www.miteshkhatri.com/Swish
How to Achieve 10yr Success in 1 yr,
Lesson 8 - Stack Anchoring,https://www.miteshkhatri.com/StackingAnchors
Lesson 9 - Eye Accessing Cues,https://www.miteshkhatri.com/Eyes
Lesson 10 - Pre-Framing Re-Framing Post-Framing,https://www.miteshkhatri.com/Framing
Lesson 11 - Removing Any FEAR in just 5 Mins,https://www.miteshkhatri.com/Fear
Lesson 12 - Cure Any Phobia in just 10 Mins,https://www.miteshkhatri.com/Phobia
Lesson 13 - Belief Transfer in just 10 Mins,https://www.miteshkhatri.com/Beliefs
Lesson 14 - Modelling - The Science of Replicating Success 10x Faster,https://www.miteshkhatri.com/Modeling
Lesson 15 - Rapport Building Conversational Hypnosis,https://www.miteshkhatri.com/RapportBuilding
Lesson 16 - Transformational Vocabulary,https://www.miteshkhatri.com/Vocabulary
Lesson 17 - Conversational Hypnosis,https://www.miteshkhatri.com/ConversationalHypnosis
Lesson 18 - Timeline Therapy to Change Emotions Memories,https://www.miteshkhatri.com/Timeline
Integration Exercise for all NLP Techniques,
Life Coaching,
Code of Honor to be a Life Coach Result sharing,Code of Honor to be a Life Coach Result sharing
Lesson 1 - Demo of Life Coaching Framework,https://www.miteshkhatri.com/CoachingDemo
Lesson 2 - Understanding the Life Coaching Framework,https://www.miteshkhatri.com/CoachingFramework
Experience Sharing of Tony Robbins Movie,Experience Sharing of Tony Robbins Movie
Lesson 3 - Health Coaching Blueprint,https://www.miteshkhatri.com/HealthCoaching
Lesson 4 - Relationship Coaching Blueprint,https://www.miteshkhatri.com/RelationshipCoaching
Result Sharing Day 2,https://www.miteshkhatri.com/CareerCoaching
Lesson 5 - Career Coaching Blueprint,Lesson 5 - Career Coaching Blueprint
Lesson 6 - How to make Business Strategies,Lesson 6 - How to make Business Strategies
Lesson 7 - Webinar Selling Formula Explained,https://www.miteshkhatri.com/WebinarSelling
Lesson 8 - Discovery call Method to Convert Client,https://www.miteshkhatri.com/ClarityCall
Lesson 9 - Ready Script for Relationship Mastery Webinar,Lesson 9 - Ready Script for Relationship Mastery Webinar
Lesson 10 - Ready Script for Health Mastery Webinar,Lesson 10 - Ready Script for Health Mastery Webinar
Lesson 11 - How to Create 3 Levels of Sales Funnel,https://www.miteshkhatri.com/SalesFunnel
Lesson 12 - How to Invite People for your Webinar,
Lead Business,
1. The Entrepreneur Identity,1. The Entrepreneur Identity
2. Creating a Big Goal with Blind Faith,2. Creating a Big Goal with Blind Faith
3. Five Pillars of Business Mastery,3. Five Pillars of Business Mastery
4. Pillar 1 - Q&A Mission Examples,4. Pillar 1 - Q&A Mission Examples
Sleeping Technique,https://www.miteshkhatri.com/SleepingTechnique
5. Pillar 3 - Recognising Business Limiting Beliefs,5. Pillar 3 - Recognising Business Limiting Beliefs
5.1 - Breaking Limiting Beliefs Process,5.1 - Breaking Limiting Beliefs Process
5.2 - Creating New Beliefs Process,5.2 - Creating New Beliefs Process
5.3 - New Beliefs Sharing + Q&A,5.3 - New Beliefs Sharing + Q&A
6. Values - A Compass to Guide a Team for a Common Culture,6. Values - A Compass to Guide a Team for a Common Culture
6.1 - Values Examples + Q&A,6.1 - Values Examples + Q&A
7. Creating Business System for Growth & Profits,7. Creating Business System for Growth & Profits
1. Creating 4DX System for All Business Functions,1. Creating 4DX System for All Business Functions
2. Store 334 4DX Example,2. Store 334 4DX Example
2. 4DX Q A,2. 4DX Q A
3. 4DX Implementation Questions,3. 4DX Implementation Questions
4. How to Create Hiring Systems Part 1,4. How to Create Hiring Systems Part 1
4. How to Create Hiring Systems Part 2,4. How to Create Hiring Systems Part 2
Lead Self,
Lead Self LIVE Lessons,Lead Self LIVE Lessons
1. What is Leadership?,1. What is Leadership?
2. Managing Your Emotional Energy,2. Managing Your Emotional Energy
2.1 Emotional Patterns Exercise,2.1 Emotional Patterns Exercise
2.2 Control your Focus & Meanings,2.2 Control your Focus & Meanings
2.3 Conditioning Exercise P+F,2.3 Conditioning Exercise P+F
2.4 Creating Emotions at Will - Anchoring Exercise,2.4 Creating Emotions at Will - Anchoring Exercise
3. Creating Vision with Standards & Purpose,3. Creating Vision with Standards & Purpose
4. Clarity of Values - The Foundation of Unlimited Power,4. Clarity of Values - The Foundation of Unlimited Power
5. Creating Beliefs to Support Your Values,5. Creating Beliefs to Support Your Values
6. Recognising & Changing Beliefs,6. Recognising & Changing Beliefs
7. Understanding & Rewiring Your Needs,7. Understanding & Rewiring Your Needs
8. Integration of Complete Psychology,8. Integration of Complete Psychology
9. Managing Conflicts like a Leader,9. Managing Conflicts like a Leader
10 - Balancing your Yin-Yang Energy,10 - Balancing your Yin-Yang Energy
11. Managing Time Like a Leader,11. Managing Time Like a Leader
12 - Recap of all Lead Self Modules,12 - Recap of all Lead Self Modules
Live Full Day Lead Self Videos,Live Full Day Lead Self Videos
1. What is Leadership,1. What is Leadership
2. Emotional Intelligence,2. Emotional Intelligence
3. Values,3. Values
4. Standards,4. Standards
5. Beliefs,5. Beliefs
6. Needs,6. Needs
Lead People,
Relationship Mastery - Lead People Successfully,Relationship Mastery - Lead People Successfully
1. Leadership Transition,1. Leadership Transition
1. What is Leadership,1. What is Leadership
2. Rapport Building,2. Rapport Building
Q&A for Rapport Building,Q&A for Rapport Building
3. Perception Management,3. Perception Management
Q&A Perception Management,Q&A Perception Management
4. Firo-B,4. Firo-B
Q&A for FIRO-B,Q&A for FIRO-B
5. Building Trust Bank Account,5. Building Trust Bank Account
6. Situational Leadership Styles,6. Situational Leadership Styles
7. Balanced Perspective,7. Balanced Perspective
8. How to Give Feedback Effectively,8. How to Give Feedback Effectively
9. Category of Relationships,9. Category of Relationships
Q&A for Category of Relationships,Q&A for Category of Relationships
10. Decision Making,10. Decision Making
Q&A Decision Making,Q&A Decision Making
"11. Training, Coaching & Changing People","11. Training, Coaching & Changing People"
12. Appraisal Skills,12. Appraisal Skills
,
,
,
,
Health Mastery,
Health Mastery Batch 2,Health Mastery Batch 2
3rd April - Health Mastery Recording Part 1,3rd April - Health Mastery Recording Part 1
3rd April - Health Mastery Recording part 2,3rd April - Health Mastery Recording part 2
18th April - Health Mastery,18th April - Health Mastery
24th April - Health Mastery,24th April - Health Mastery
,
Health Mastery & Happy Gym,Health Mastery & Happy Gym
1. What is Health - An Eye Opening Session,1. What is Health - An Eye Opening Session
2. Breaking Health Limiting Beliefs,2. Breaking Health Limiting Beliefs
3. Creating a Lifestyle Diet Plan,3. Creating a Lifestyle Diet Plan
4. Transforming your Health Habits Part 1,4. Transforming your Health Habits Part 1
5. Transforming Habits Part 2,5. Transforming Habits Part 2
6. Integrating 7 Master Steps,6. Integrating 7 Master Steps
7. Raise your Health Standards,7. Raise your Health Standards
8. Recap of 7 Master Steps,8. Recap of 7 Master Steps
9. How to Design Workout,9. How to Design Workout
Morning Happy Gym Dance Videos,
Happy Gym for Platinum Members,Happy Gym for Platinum Members
Happy Gym Orientation,Happy Gym Orientation
Day 1 Happy Gym,Day 1 Happy Gym
Day 2 Happy Gym,Day 2 Happy Gym
25th May - Happy Gym,25th May - Happy Gym
27th May - Happy Gym,27th May - Happy Gym
28th May - Happy Gym,28th May - Happy Gym
29th May - Happy Gym,29th May - Happy Gym
31st May - Happy Gym,31st May - Happy Gym
1st June - Happy Gym,1st June - Happy Gym
3rd June - Happy Gym,3rd June - Happy Gym
4th June - Happy Gym,4th June - Happy Gym
5th June - Happy Gym,5th June - Happy Gym
7th June - Happy Gym,7th June - Happy Gym
8th June - Happy Gym,8th June - Happy Gym
10th June - Happy Gym,10th June - Happy Gym
11th June - Happy Gym,11th June - Happy Gym
14th June - Back & Biceps,14th June - Back & Biceps
15th June - Shoulder & Legs,15th June - Shoulder & Legs
16th June - Chest & Triceps,16th June - Chest & Triceps
22nd June - Back & Biceps,22nd June - Back & Biceps
,
Oct'21 Happ Gym,Oct'21 Happ Gym
12th Oct - Happy Gym,12th Oct - Happy Gym
18th Oct - Happy Gym,18th Oct - Happy Gym
Depression To Celebration,
Lesson 1 - Depression To Celebration, Lesson 1 - Depression To Celebration
Lesson 2 - Depression To Celebration,Lesson 2 - Depression To Celebration
Practical Spirituality By IMK,
Practical Spirituality With My Guru,Practical Spirituality With My Guru
6th Nov - Part 1,6th Nov - Part 1
6th Nov - Spirituality Q&A,6th Nov - Spirituality Q&A
20th Nov - Meditation & 4 Questions Exercise of Byron Katie with GD,20th Nov - Meditation & 4 Questions Exercise of Byron Katie with GD
27th Nov - Practical Spirituality with Sahil,27th Nov - Practical Spirituality with Sahil
4th Dec - Session with Sahil on Addictions,4th Dec - Session with Sahil on Addictions
11th Dec - Reflections & Projection to Remove Depression,11th Dec - Reflections & Projection to Remove Depression
,
1st Jan - Practical Spirituality, 1st Jan - Practical Spirituality
1. Meditation & Questions,1. Meditation & Questions
2. Meditation,2. Meditation
,
8th Jan - Relationship Healing with 4 Questions,8th Jan - Relationship Healing with 4 Questions
8th Jan - Relationship Healing with 4 Questions,8th Jan - Relationship Healing with 4 Questions
,
18th Dec - Questions with Sahil,18th Dec - Questions with Sahil
18th Dec - Meditation,18th Dec - Meditation
18th Dec - Questions with Sahil,18th Dec - Questions with Sahil
,
25th Dec - Everything is Always Perfect,25th Dec - Everything is Always Perfect
Meditation Part 1,Meditation Part 1
Meditation Part 2,Meditation Part 2
Results Everything is Always Perfect,Results Everything is Always Perfect
,
15th Jan - Session with Sahil,15th Jan - Session with Sahil
15th Jan - Meditation,15th Jan - Meditation
Questions on Guilt,Questions on Guilt
15th Jan - Closing Meditation,15th Jan - Closing Meditation
,
22nd Jan - Meditation on Addiction,22nd Jan - Meditation on Addiction
Starting Meditation on Addiction,Starting Meditation on Addiction
Q A on Addiction,Q A on Addiction
Closing Meditation on Relationships,Closing Meditation on Relationships
,
5th Feb - Practical Spirituality With My Guru,5th Feb - Practical Spirituality With My Guru
5th Feb - Practical Spirituality With My Guru,5th Feb - Practical Spirituality With My Guru
,
12th Feb - Practical Spirituality With My Guru,12th Feb - Practical Spirituality With My Guru
Part 1 - Meditation On Unexplained Sadness,Part 1 - Meditation On Unexplained Sadness
Part 2 - Meditation On Forgiveness,Part 2 - Meditation On Forgiveness
,
19th Feb - Practical Spirituality With My Guru,19th Feb - Practical Spirituality With My Guru
1. Meditation For Health,1. Meditation For Health
2. Question & Answer,2. Question & Answer
3. Meditation For Forgiveness,3. Meditation For Forgiveness
,
26th Feb - Practical Spirituality With My Guru,26th Feb - Practical Spirituality With My Guru
26th Feb - Meditation,26th Feb - Meditation
26th Feb - Question & Answer,26th Feb - Question & Answer
,
5th March - Practical Spirituality Recording,5th March - Practical Spirituality Recording
1. Starting Maditation,1. Starting Maditation
2. Question & Answer,2. Question & Answer
3. Question & Answer,3. Question & Answer
4. Closing Meditation,4. Closing Meditation
,
Practical Spirituality - Batch 2 Latest,Practical Spirituality - Batch 2 Latest
1. What is Practical Spirituality,1. What is Practical Spirituality
2. The Oneness Meditation Experience,2. The Oneness Meditation Experience
3. Meditation Experience Sharing,3. Meditation Experience Sharing
4. Loving Accepting Your Dark Side,4. Loving Accepting Your Dark Side
5. Questions on Practical Spirituality,5. Questions on Practical Spirituality
,
"Lesson 2 - If I Am Energy, Then..","Lesson 2 - If I Am Energy, Then.."
Realisation Sharing,Realisation Sharing
Lesson 2 - If I AM Energy Then,Lesson 2 - If I AM Energy Then
Questions,Questions
,
Lesson 3 - How to Create Balance in your Life,Lesson 3 - How to Create Balance in your Life
7th Feb - Recap Sharing,7th Feb - Recap Sharing
7th Feb - Experiencing Balance in Life,7th Feb - Experiencing Balance in Life
,
Lesson 4 - I Deserve to Achieve My Goals Because I Am Energy,Lesson 4 - I Deserve to Achieve My Goals Because I Am Energy
I Deserve Affirmation & Questions on Spirituality,I Deserve Affirmation & Questions on Spirituality
,
Lesson 5 - Feeling Balanced by Removing Comparison,Lesson 5 - Feeling Balanced by Removing Comparison
Oneness Meditation,Oneness Meditation
Feeling Balanced by Removing Comparison,Feeling Balanced by Removing Comparison
Questions,Questions
,
Lesson 6 - Being The Shiva,Lesson 6 - Being The Shiva
Results Sharing,Results Sharing
Why No Me,Why No Me
Questions,Questions
,
Dr. John Demartini's Values By Mitesh Khatri,
Lesson 1 - Importance Of Values, Lesson 1 - Importance Of Values
Lesson 2 - Impact of Values,Lesson 2 - Impact of Values
Lesson 3 - Dr. Demartini Values Recognition Method,Lesson 3 - Dr. Demartini Values Recognition Method
Lesson 4 - How to Change Your Values,Lesson 4 - How to Change Your Values
Result Sharing,Result Sharing
Lesson 5 - How to Associate with Values,Lesson 5 - How to Associate with Values
Lesson 6 - How To Understand Someone Values,Lesson 6 - How To Understand Someone Values
,
22nd April - Values Session By Mitesh Khatri,22nd April - Values Session By Mitesh Khatri
Lesson 1 - Importance Of Values,Lesson 1 - Importance Of Values
Lesson 2.1 - How To Identify Our values,Lesson 2.1 - How To Identify Our values
Lesson 2.2 - Intention Of Exercise,Lesson 2.2 - Intention Of Exercise
Lesson 3 - How Discover Our True Values,Lesson 3 - How Discover Our True Values
Lesson 3.2 - TMFS Values,Lesson 3.2 - TMFS Values
,
23rd April Values Session By Mitesh Khatri,23rd April Values Session By Mitesh Khatri
Lesson 4 - Recap & Practice,Lesson 4 - Recap & Practice
Lesson 5 - How To Communicate To Others With Their Values,Lesson 5 - How To Communicate To Others With Their Values
Result Sharing,Result Sharing
Lesson 6 - How To Understand Someone Values,Lesson 6 - How To Understand Someone Values
Lesson 7 - Values Relationship, Lesson 7 - Values Relationship
Lesson 7 Sharing,Lesson 7 Sharing
Lesson 8 - How To Sell By Values,Lesson 8 - How To Sell By Values
Demartini Method Explained by Mitesh Khatri,
Part 1,https://www.miteshkhatri.com/DemartiniMethod
Part 2,Part 2
Part 3,Part 3
Corporate Train The Trainer by Mitesh Khatri ,
Day 1 - Manifest your Corporate Training Career,https://www.miteshkhatri.com/CoporateTraining
1. Manifest Your Corporate Training Identity Topic,1. Manifest Your Corporate Training Identity Topic
2. How to Prove Your Results after Every Module,2. How to Prove Your Results after Every Module
,
2 - Creating Content Confidence,2 - Creating Content Confidence
1. How to Design Content Part 1,1. How to Design Content Part 1
2. How to Design Content Part 2, 2. How to Design Content Part 2
3. How to Design Methodologies for your Training,3. How to Design Methodologies for your Training
4. Results of Zoom Rooms after Creating a Training Design,4. Results of Zoom Rooms after Creating a Training Design
5. Criteria's for Designing Activities,5. Criteria's for Designing Activities
6. Assignment for Creating Training Content for 3 Topics,6. Assignment for Creating Training Content for 3 Topics
,
Day 2 - Readymade Workshop Design & Delivery Skills,Day 2 - Readymade Workshop Design & Delivery Skills
Recap of Day 1,Recap of Day 1
1. Introduction to WOW & Build Comfort,1. Introduction to WOW & Build Comfort
2. Business Communication Skills Demo,2. Business Communication Skills Demo
3. Experience Team Building with Ready Team Building Design,3. Experience Team Building with Ready Team Building Design
Readymade Modules to Deliver,Readymade Modules to Deliver
,
"Day 3 - Motivational Speech, Collaboration & Selling Skills","Day 3 - Motivational Speech, Collaboration & Selling Skills"
2 Hrs Motivational Talk with Glasswalk,2 Hrs Motivational Talk with Glasswalk
Win As Much As You Can Part 1,Win As Much As You Can Part 1
Win As Much As You Can Part 2,Win As Much As You Can Part 2
Explaining Win Mas Much As You Game, Explaining Win Mas Much As You Game
How to Sell your Corporate Training Business,How to Sell your Corporate Training Business
,
Train The Trainer - One Day Miracle Day 2,Train The Trainer - One Day Miracle Day 2
part 1, part 1
part 2,part 2
part 3,part 3
part 4,part 4
part 5,part 5
,
Old Corporate Train The Trainer Batch,Old Corporate Train The Trainer Batch
How to Become a Rich & Powerful Trainer,How to Become a Rich & Powerful Trainer
5 Priciples of Being a Rich Powerful Trainer,5 Priciples of Being a Rich Powerful Trainer
The Model of a Rich & Powerful Trainer,The Model of a Rich & Powerful Trainer
Question on Model of a Successful Trainer,Question on Model of a Successful Trainer
Zoom Room Sharing,Zoom Room Sharing
,
Delivery Skills - How to Deliver to any Audience with WOW,Delivery Skills - How to Deliver to any Audience with WOW
1. How to Start a Training with WOW,1. How to Start a Training with WOW
1. Recap of 5 Principles Creating WOW Moment,1. Recap of 5 Principles Creating WOW Moment
2. How to Preframe-Reframe PostFrame to Influence your Audience,2. How to Preframe-Reframe PostFrame to Influence your Audience
3. Examples Questions on Framing,3. Examples Questions on Framing
4. How to Reframe to Engage your Audience,4. How to Reframe to Engage your Audience
5. More Training Methods to Keep your Audience Engaged,5. More Training Methods to Keep your Audience Engaged
,
Delivery Skills - Creating Confidence & Managing Difficult People,Delivery Skills - Creating Confidence & Managing Difficult People
1. How to Create Extraordinary Comfort for Public Speaking,1. How to Create Extraordinary Comfort for Public Speaking
2. How to Handle Difficult People Questions,2. How to Handle Difficult People Questions
,
Designing Trainings like a Master Trainer,Designing Trainings like a Master Trainer
4 Steps to Designing Training s like a Master,4 Steps to Designing Training s like a Master
Questions on Designing Trainings,Questions on Designing Trainings
,
Selling & Marketing your Courses,Selling & Marketing your Courses
1. Selling Marketing your Courses, 1. Selling Marketing your Courses
2. Questions on Selling Marketing,2. Questions on Selling Marketing
Basic Law of Attraction Level 1,
Latest Basic Law of Attraction Course,https://www.miteshkhatri.com/Basic
Basic Law of Attraction Course,Basic Law of Attraction Course
,
Law of Attraction Basic LIVE - English,Law of Attraction Basic LIVE - English
1. What are the 4 Levels of LOA,1. What are the 4 Levels of LOA
2. What is Law of Attraction,2. What is Law of Attraction
3. Why LOA Works,3. Why LOA Works
4. What is The FORMULA of LOA,4. What is The FORMULA of LOA
5. How to Join 30-Days Subconscious Re-Programming Group, 5. How to Join 30-Days Subconscious Re-Programming Group
,
How to Create Affirmation to Attract Your Goals,How to Create Affirmation to Attract Your Goals
1. Four Rules of Tuning Perfect Affirmations, 1. Four Rules of Tuning Perfect Affirmations
2. Four Areas of Tuning Affirmations,2. Four Areas of Tuning Affirmations
3. Three Type of Affirmations for Success,3. Three Type of Affirmations for Success
4. How to Prepare Your Affirmations,4. How to Prepare Your Affirmations
5. How to Practice Affirmations in the Right Way,5. How to Practice Affirmations in the Right Way
,
Clearing Negative Energy from your Life,Clearing Negative Energy from your Life
1. How to Clear Negative Energy with HO OPONO OPONO,1. How to Clear Negative Energy with HO OPONO OPONO
,
Hindi LOA LIVE,Hindi LOA LIVE
Part 1,Part 1
Part 2,Part 2
Part 3,Part 3
,
22nd May - Law of Attraction LIVE,22nd May - Law of Attraction LIVE
22nd May - Law of Attraction LIVE Recording,22nd May - Law of Attraction LIVE Recording
LOA & DMP Certification,
Lesson 1 - LOA Certification,https://www.miteshkhatri.com/LOACoach
21st May - Lesson 1 LOA Certification,21st May - Lesson 1 LOA Certification
,
Lesson 2 - What Content to Teach for Free & How to Invite for Paid Sessions,Lesson 2 - What Content to Teach for Free & How to Invite for Paid Sessions
Recap Of Lesson 1,Recap Of Lesson 1
What LOA Content to Teach for Free & How to Teach,What LOA Content to Teach for Free & How to Teach
How to Invite People for your Paid Sessions,How to Invite People for your Paid Sessions
Assignment Questions,Assignment Questions
,
Lesson 3 - LOA Certification,Lesson 3 - LOA Certification
Result Sharing,Result Sharing
11th June - Lesson 3 LOA Certification Part 1,11th June - Lesson 3 LOA Certification Part 1
11th June - Lesson 3 LOA Certification Part 2,11th June - Lesson 3 LOA Certification Part 2
11th June - Lesson 3 LOA Certification Part 3,11th June - Lesson 3 LOA Certification Part 3
,
"Lesson 4 - Ready Videos Ads, Testimonials & Questions","Lesson 4 - Ready Videos Ads, Testimonials & Questions"
Recap,Recap
Results Sharing,Results Sharing
"18th June - Ready Videos Ads, Testimonials & Questions","18th June - Ready Videos Ads, Testimonials & Questions"
Assignment to Start Teaching LOA,Assignment to Start Teaching LOA
,
Lesson 1 - DMP Certification,Lesson 1 - DMP Certification
1. The Power & Potential of DMP,1. The Power & Potential of DMP
2. Technical Equipments Required for DMP,2. Technical Equipments Required for DMP
3. Visible Framework on DMP - The Iron Man Suite,3. Visible Framework on DMP - The Iron Man Suite
4. How Much Money You Can Make with DMP,4. How Much Money You Can Make with DMP
5. The Invisible Framework of DMP - Jarvis,5. The Invisible Framework of DMP - Jarvis
6. Result Sharing,6. Result Sharing
,
Lesson 2 - DMP Certification,Lesson 2 - DMP Certification
Results Sharing,Results Sharing
Engaging VAK Anchoring,Engaging VAK Anchoring
Using Metaphors to Deliver Deep Impact,Using Metaphors to Deliver Deep Impact
Assignment,Assignment
,
Final Lesson - DMP Certification,Final Lesson - DMP Certification
Results Sharing,Results Sharing
Using Intention to Bless your Students,Using Intention to Bless your Students
How to Sell DMP Effectively,How to Sell DMP Effectively
Questions,Questions
,
2022 Support Call Recording,2022 Support Call Recording
July 16 - Question & Answer,July 16 - Question & Answer
Results Sharing,Results Sharing
Questions,Questions
,
23rd July - Support Call Recording,23rd July - Support Call Recording
23rd July - Result Sharing,23rd July - Result Sharing
23rd July - Question & Answer,23rd July - Question & Answer
,
30th July - LOA & DMP Support Call,30th July - LOA & DMP Support Call
30th July - Result Sharing,30th July - Result Sharing
30th July - Questions part 1,30th July - Questions part 1
30th July - Questions part 2,30th July - Questions part 2
,
10th Sep - Support Call,10th Sep - Support Call
10th Sep - Support Call,10th Sep - Support Call
,
24th Sep - Support Call,24th Sep - Support Call
Question & Answer,Question & Answer
,
Basic LOA Certification Assessment,Basic LOA Certification Assessment
Basic LOA Certification Assessment,Basic LOA Certification Assessment
LOA With Vastu Frequency,
Hindi Vastu Course with Mitesh Khatri,https://www.miteshkhatri.com/VastuCourse
"Lesson 1 - Science of Directions, Elements & Impact on Health & Life","Lesson 1 - Science of Directions, Elements & Impact on Health & Life"
1. How to Attend Vastu Course,1. How to Attend Vastu Course
2. Science Behind Vastu,2. Science Behind Vastu
3. Primary Directions and Their Importance,3. Primary Directions and Their Importance
4. Sub-Directions with Elements Their Importance,4. Sub-Directions with Elements Their Importance
5. Recap,5. Recap
6. How to Predict Specific Health Problems Related to Different Body Parts,6. How to Predict Specific Health Problems Related to Different Body Parts
7. Assignment for this Lesson,7. Assignment for this Lesson
,
Lesson 2 - Importance of 7 Chakras and Impact on Vastu,Lesson 2 - Importance of 7 Chakras and Impact on Vastu
1. Recap of Lesson 1,1. Recap of Lesson 1
2. Understanding 7 Chakras with Vastu Directions,2. Understanding 7 Chakras with Vastu Directions
3. How to Check Vastu Directions Correctly with a Compass,3. How to Check Vastu Directions Correctly with a Compass
Lesson 2 Part 4,Lesson 2 Part 4
,
Lesson 3 - Alternatives for All Vastu Rooms,Lesson 3 - Alternatives for All Vastu Rooms
1. Recap,1. Recap
Alternative Options for Every Room - Part 1,Alternative Options for Every Room - Part 1
Alternative Options for Every Room - Part 2,Alternative Options for Every Room - Part 2
,
Lesson 4 - Understanding Plot Shapes & Extensions,Lesson 4 - Understanding Plot Shapes & Extensions
Recap,Recap
1. Understanding Perfect Shape Slope for Plots,1. Understanding Perfect Shape Slope for Plots
2. South East Extension,2. South East Extension
3. South East Extension Remedies,3. South East Extension Remedies
4. North West Extension,4. North West Extension
5. South West Extension,5. South West Extension
6. North East Extension,6. North East Extension
7. Assignment for Other Shapes,7. Assignment for Other Shapes
,
Lesson 5 - Vastu Remedies with Crystals,Lesson 5 - Vastu Remedies with Crystals
Result Sharing,Result Sharing
Part 1 - 5 Remedies For Vastu,Part 1 - 5 Remedies For Vastu
Part 2 - Crystal Remedies,Part 2 - Crystal Remedies
Questions,Questions
Assignment For Crystal,Assignment For Crystal
,
Lesson 6 - Vastu Remedies with Copper Wire & Mirrors,Lesson 6 - Vastu Remedies with Copper Wire & Mirrors
Recap Results Sharing,Recap Results Sharing
1. Copper Wire Remedy for Vastu Dosh,1. Copper Wire Remedy for Vastu Dosh
2. Mirror Remedy for Vastu Dosh,2. Mirror Remedy for Vastu Dosh
3. Questions,3. Questions
,
Lesson 7 - Color Remedies,Lesson 7 - Color Remedies
Recap,Recap
Vastu Color Remedies,Vastu Color Remedies
Result Sharign,Result Sharign
,
Lesson 8 - LOA Remedies For Vastu,Lesson 8 - LOA Remedies For Vastu
1. Result Sharing & Questions With Nirmal Shah,1. Result Sharing & Questions With Nirmal Shah
2. LOA Remedies For Vastu,2. LOA Remedies For Vastu
,
Lesson 9 - How To Sell Vastu Consultancy & Create YouTube Video,Lesson 9 - How To Sell Vastu Consultancy & Create YouTube Video
Recap,Recap
How to sell Your Vastu Consultancy,How to sell Your Vastu Consultancy
Create YouTube Video,Create YouTube Video
Question & Answer,Question & Answer
One Day Miracle,
Miracle Meet 2025 Zoom Session,https://www.miteshkhatri.com/MiracleMeet
River of Life - Day 1,River of Life - Day 1
Sharing of River of Life Activity,Sharing of River of Life Activity
IMK Coaching Framework,IMK Coaching Framework
Stop Solving Start Evolving Day 3 - Part 1,Stop Solving Start Evolving Day 3 - Part 1
Stop Solving Start Evolving Day 3 - Part 2,Stop Solving Start Evolving Day 3 - Part 2
Special EFT by Indu Ma'am - Day 4,Special EFT by Indu Ma'am - Day 4
,
10th May 2025 Miracle Meet,10th May 2025 Miracle Meet
Day 1,Day 1
Day 1 Part 1,Day 1 Part 1
Day 1 Part 2,Day 1 Part 2
Day 1 Part 3,Day 1 Part 3
Day 1 Part 4,Day 1 Part 4
Day 1 Part 5,Day 1 Part 5
Day 1 Part 6,Day 1 Part 6
Day 1 Part 7,Day 1 Part 7
Day 1 Part 8,Day 1 Part 8
Day 1 Part 9,Day 1 Part 9
Day 1 Part 10,Day 1 Part 10
Day 1 Part 11,Day 1 Part 11
Day 1 Part 12,Day 1 Part 12
Day 1 Part 13,Day 1 Part 13
Day 1 Part 14,Day 1 Part 14
Day 1 Part 15,Day 1 Part 15
Day 1 Part 16,Day 1 Part 16
Day 1 Part 17,Day 1 Part 17
,
Day 2,Day 2
Day 2 Part 1,Day 2 Part 1
Day 2 Part 2,Day 2 Part 2
Day 2 Part 3,Day 2 Part 3
Day 2 Part 4,Day 2 Part 4
Day 2 Part 5,Day 2 Part 5
Day 2 Part 6,Day 2 Part 6
Day 2 Part 7,Day 2 Part 7
Day 2 Part 8,Day 2 Part 8
Day 2 Part 9,Day 2 Part 9
,
25th May 2024 - One Day Miracle Meet,25th May 2024 - One Day Miracle Meet
Part 1,Part 1
Part 2,Part 2
Part 3,Part 3
Part 4,Part 4
Part 5,Part 5
Part 6,Part 6
Part 7,Part 7
Part 8,Part 8
,
One Day Miracle Meet Aug 2023,One Day Miracle Meet Aug 2023
Part 1,Part 1
Part 2,Part 2
Part 3,Part 3
Part 4,Part 4
Part 5,Part 5
Part 6,Part 6
Part 7,Part 7
,
10th Dec 2022 - One Day Miracle Meet Pune,10th Dec 2022 - One Day Miracle Meet Pune
1. Ultimate Life Clarity Part 1,1. Ultimate Life Clarity Part 1
2. Ultimate Life Clarity Part 2,2. Ultimate Life Clarity Part 2
3. Relationship Mastery,3. Relationship Mastery
4. I Live Life Platinum Standard,4. I Live Life Platinum Standard
5. Firewalk Training,5. Firewalk Training
,
28th May 2022 - One Day Miracle Pune Meet,28th May 2022 - One Day Miracle Pune Meet
28th May - Platinum Standard,28th May - Platinum Standard
28th May - Primary Emotions,28th May - Primary Emotions
28th May - Relationship Mastery,28th May - Relationship Mastery
28th May - Tower Building,28th May - Tower Building
28th May - Platinum Party Glass Walk,28th May - Platinum Party Glass Walk
28th May - 1 Day Miracle DMP,28th May - 1 Day Miracle DMP
Digital Coaching Success - Platinum Version,
4th Dec - DCS Support Call,https://www.miteshkhatri.com/CoachingBusiness
4th Dec Lesson 1 - Part 1 Remove Negative Frequency for DCS,4th Dec Lesson 1 - Part 1 Remove Negative Frequency for DCS
Lesson 1 - Part 2 Creating Positive Frequency for DCS,Lesson 1 - Part 2 Creating Positive Frequency for DCS
Lesson 2 - How to Select your Course & Target Audience,Lesson 2 - How to Select your Course & Target Audience
Lesson 3 - How to Create 3 Course Levels & Lessons,Lesson 3 - How to Create 3 Course Levels & Lessons
,
11th Dec - DCS Support Call,11th Dec - DCS Support Call
11th Dec - How to Create Facebooks Ads,11th Dec - How to Create Facebooks Ads
11th Dec - Interview Manifestation Technique,11th Dec - Interview Manifestation Technique
11th Dec - Affirmations & Funnel Guidance,11th Dec - Affirmations & Funnel Guidance
,
18th Dec - DCS Support Call,18th Dec - DCS Support Call
18th Dec - Mindset for Being a Successful Coach,18th Dec - Mindset for Being a Successful Coach
18th Dec - 6 Steps to Be a Successful Digital Coach,18th Dec - 6 Steps to Be a Successful Digital Coach
18th Dec - Questions on Digital Coaching,18th Dec - Questions on Digital Coaching
,
25th Dec - Webinar Selling Formula Explained,25th Dec - Webinar Selling Formula Explained
25th Dec - Questions on 6 Steps,25th Dec - Questions on 6 Steps
25th Dec - How to Create YouTube Videos,25th Dec - How to Create YouTube Videos
25th Dec - Internal Intereference for Selling in Webinars,25th Dec - Internal Intereference for Selling in Webinars
25th Dec - Webinar Selling Formula,25th Dec - Webinar Selling Formula
25th Dec - Questions on Webinar Selling,25th Dec - Questions on Webinar Selling
,
8th Jan - Systems & Content Setup,8th Jan - Systems & Content Setup
8th Jan - End Result Manifestation,8th Jan - End Result Manifestation
8th Jan - Remove Internal Ineterfence,8th Jan - Remove Internal Ineterfence
8th Jan - 6 Step Challenge for DCS,8th Jan - 6 Step Challenge for DCS
8th Jan - Questions,8th Jan - Questions
8th Jan - How to Setup Systems & Content,8th Jan - How to Setup Systems & Content
,
5th Feb 22 - Support Call,5th Feb 22 - Support Call
5th Feb 22 - Support Call Part 1,5th Feb 22 - Support Call Part 1
5th Feb 22 - Support Call Part 2,5th Feb 22 - Support Call Part 2
5th Feb 22 - Support Call Part 3,5th Feb 22 - Support Call Part 3
,
5th Feb 22 - Support Call Part 2,5th Feb 22 - Support Call Part 2
5th Feb 22 - Support Call Part 1,5th Feb 22 - Support Call Part 1
5th Feb 22 - Support Call Part 2,5th Feb 22 - Support Call Part 2
5th Feb 22 - Support Call Part 3,5th Feb 22 - Support Call Part 3
,
26th Feb - DCS Support Call,26th Feb - DCS Support Call
26th Feb - DCS Support Call Part 1,26th Feb - DCS Support Call Part 1
26th Feb - DCS Support Call Part 2,26th Feb - DCS Support Call Part 2
,
5th March - DCS Support Call,5th March - DCS Support Call
5th March - DCS Support Call,5th March - DCS Support Call
,
12th March - DCS Support Call,12th March - DCS Support Call
12th March - DCS Support Call,12th March - DCS Support Call
,
DCS Practice Session,DCS Practice Session
Instagram Ads By Snehi,Instagram Ads By Snehi
,
19th March - DCS Support Call,19th March - DCS Support Call
19th March - DCS Support Call Part 1,19th March - DCS Support Call Part 1
19th March - DCS Support Call Part 2, 19th March - DCS Support Call Part 2
,
26th March - DCS Support Call,26th March - DCS Support Call
26th March - DCS Support Call Part 1,26th March - DCS Support Call Part 1
26th March - DCS Support Call Part 2,26th March - DCS Support Call Part 2
,
9th April - DCS Support Call,9th April - DCS Support Call
9th April - DCS Support Call,9th April - DCS Support Call
,
16th April - DCS Support Call,16th April - DCS Support Call
16th April - DCS Question & Answers,16th April - DCS Question & Answers
,
23rd April - DCS Support Call,23rd April - DCS Support Call
23rd April - DCS Support Call Part 1,23rd April - DCS Support Call Part 1
23rd April - DCS Support Call Part 2,23rd April - DCS Support Call Part 2
,
30th April - DCS Support Call,30th April - DCS Support Call
30th April - DCS Support Call,30th April - DCS Support Call
Handwriting Frequency Course,
Handwriting Analysis First Step, Handwriting Analysis First Step
Day 1 01 welcome Coming From Future,Day 1 01 welcome Coming From Future
Day1 02 Strokes Zones,Day1 02 Strokes Zones
Day1 03 Areas of Improvement 01,Day1 03 Areas of Improvement 01
Day1 04 Areas,Day1 04 Areas
Day1 06-Macro analysis,Day1 06-Macro analysis
Day1 05 online access,Day1 05 online access
Day1 07 size and slant,Day1 07 size and slant
Day1 08 macro analysis explanation,Day1 08 macro analysis explanation
Investing & Saving,
Financial Freedom Session By Modit Massey,Financial Freedom Session By Modit Massey
19th April - Financial Freedom Session By Modit Massey,19th April - Financial Freedom Session By Modit Massey
Basic Financial Planning by Modit Massey,Basic Financial Planning by Modit Massey
26th July - Systematic Approach to Investing For Achieving Financial Goals By Modit Massey,26th July - Systematic Approach to Investing For Achieving Financial Goals By Modit Massey
26th Sep - Retirement Planning,26th Sep - Retirement Planning
15th Nov - Build Your Long-Term Equity Portfolio!,15th Nov - Build Your Long-Term Equity Portfolio!
29th Nov - Make Investing Easy and Profitable Body,29th Nov - Make Investing Easy and Profitable Body
Digital Coaching System,
Restarting Digital Coaching LIVE Sessions,Restarting Digital Coaching LIVE Sessions
Canva Graphic Design Mastery,
Canva Graphic Design Mastery,Canva Graphic Design Mastery
IMK Bonuses,
Bonus Lessons,Bonus Lessons
Advance LOA Lesson 1 Free,Advance LOA Lesson 1 Free
Ho Oponopono Healer Lesson 1 Free,Ho Oponopono Healer Lesson 1 Free
Wealth Mastery Lesson 1 Free,Wealth Mastery Lesson 1 Free
Handwriting Frequency Lesson 1 Free,Handwriting Frequency Lesson 1 Free
Health Mastery Lesson 1 Free,Health Mastery Lesson 1 Free
Relationship Mastery Lesson 1 Free,Relationship Mastery Lesson 1 Free
Practical Spirituality Lesson 1,Practical Spirituality Lesson 1
Platinum Membership 5 Days Challenge,
Platinum Membership Challenge -5Days,https://www.miteshkhatri.com/5DC
26th May'25 - Platinum Membership Challenge Day 1,26th May'25 - Platinum Membership Challenge Day 1
27th May'25 - Platinum Membership Challenge - Day 2,27th May'25 - Platinum Membership Challenge - Day 2
28th May 25 - Platinum Membership Challenge - Day 3, 28th May 25 - Platinum Membership Challenge - Day 3
29th May 25 - Platinum Membership Challenge - Day 4,29th May 25 - Platinum Membership Challenge - Day 4
30th May 25 - Platinum Membership Challenge - Day 5,30th May 25 - Platinum Membership Challenge - Day 5
23rd June'25 - Platinum Membership Challenge Day 1,23rd June'25 - Platinum Membership Challenge Day 1
24th June'25 - Platinum Membership Challenge - Day 2,24th June'25 - Platinum Membership Challenge - Day 2
25th June - Platinum Membership Challenge - Day 3,25th June - Platinum Membership Challenge - Day 3
26th June - Platinum Membership Challenge - Day 4,26th June - Platinum Membership Challenge - Day 4
Jack Canfield Special Session,
Special Session with Jack Canfield,https://www.miteshkhatri.com/JackCanfield
24th Mar - Jack Canfield Special Workshop,24th Mar - Jack Canfield Special Workshop
Penial Gland Meditations,
Meditation Recordings,Meditation Recordings
23rd July - Coherence Breathing Meditation,23rd July - Coherence Breathing Meditation
24th July - Miracle Meditation,24th July - Miracle Meditation
26th Aug - Day 1 of Pineal Gland Meditation,26th Aug - Day 1 of Pineal Gland Meditation
27th Aug - Pineal Gland Meditation Day 2,27th Aug - Pineal Gland Meditation Day 2
9th Sep - Miracle Meditation Preparation Part 1,9th Sep - Miracle Meditation Preparation Part 1
9th Sep - Miracle Meditation on Unlimited Love Part 2 - Meditation,9th Sep - Miracle Meditation on Unlimited Love Part 2 - Meditation
12th Sep - Miracle Healing Day 1,12th Sep - Miracle Healing Day 1
13th Sep - Manifestation & Kaleidoscope Meditation,13th Sep - Manifestation & Kaleidoscope Meditation
20th Sep - Miracle Meditation & Healing Day 2,20th Sep - Miracle Meditation & Healing Day 2
26th Sep - Penial Gland Meditation & Healing with Manifestation,26th Sep - Penial Gland Meditation & Healing with Manifestation
3rd Oct - Part 1 Abundance Meditation Explained,3rd Oct - Part 1 Abundance Meditation Explained
3rd Oct - Part 2 Abundance Meditation Experience,3rd Oct - Part 2 Abundance Meditation Experience
4th Oct - Surrender Meditation while Lying Down,4th Oct - Surrender Meditation while Lying Down
16th Nov - Pineal Gland Meditation,16th Nov - Pineal Gland Meditation
22nd Nov - The Sleeping Meditation,22nd Nov - The Sleeping Meditation
29th Nov - Pineal Gland Meditation - Part 1,29th Nov - Pineal Gland Meditation - Part 1
29th Nov - Pineal Gland Meditation - Part 2,29th Nov - Pineal Gland Meditation - Part 2
27th Dec - Penial Gland Meditation & Manifestation,27th Dec - Penial Gland Meditation & Manifestation
17th Jan - Walking Meditation 1st Session,17th Jan - Walking Meditation 1st Session
,
Platinum Conditioning,Platinum Conditioning
21st Oct'24 - Morning Platinum Conditioning,21st Oct'24 - Morning Platinum Conditioning
21st Oct'24 - Afternoon Platinum Conditioning,21st Oct'24 - Afternoon Platinum Conditioning
21st Oct - Night Sleeping Meditation,21st Oct - Night Sleeping Meditation
22nd Oct'24 - Morning Platinum Conditioning,22nd Oct'24 - Morning Platinum Conditioning
22nd Oct'24 - Afternoon Platinum Conditioning,22nd Oct'24 - Afternoon Platinum Conditioning
22nd Oct - Night Conditioning & Money Attracting Subliminal,22nd Oct - Night Conditioning & Money Attracting Subliminal
23rd Oct - Morning Platinum Conditioning,23rd Oct - Morning Platinum Conditioning
23rd Oct'24 - Afternoon Platinum Conditioning,23rd Oct'24 - Afternoon Platinum Conditioning
23rd Oct - Night Conditioning with My Learning from Sahil,23rd Oct - Night Conditioning with My Learning from Sahil
24Oct - Morning Conditioning,24Oct - Morning Conditioning
24th Oct - Afternoon Conditioning,24th Oct - Afternoon Conditioning
24th Oct - Launching The Magic of 6,24th Oct - Launching The Magic of 6
25th Oct - Morning Platinum Conditioning,25th Oct - Morning Platinum Conditioning
25th Oct - Afternoon Platinum Conditioning,25th Oct - Afternoon Platinum Conditioning
26th Oct - Afternoon Platinum Conditioning,26th Oct - Afternoon Platinum Conditioning
29th Oct - Indu Sharing Dr Joe Experience,29th Oct - Indu Sharing Dr Joe Experience
30th Oct - Morning Platinum Conditioning,30th Oct - Morning Platinum Conditioning
31st Oct - Morning Platinum Conditioning,31st Oct - Morning Platinum Conditioning
1st Nov'24 - Morning Platinum Conditioning,1st Nov'24 - Morning Platinum Conditioning
,
Platinum Weekly Call with Imran Baig,Platinum Weekly Call with Imran Baig
25th June - Platinum Weekly Call with Imran Baig,25th June - Platinum Weekly Call with Imran Baig
,
Platinum Healing Sessions,
Platinum Healing Recording,Platinum Healing Recording
16th March - Platinum Healing,16th March - Platinum Healing
15th March - Platinum Healing,15th March - Platinum Healing
Platinum Special Q&A,Platinum Special Q&A
Inspiration With Disha - Platinum Member Interview,Inspiration With Disha - Platinum Member Interview
5th April Breakthrough Session with Siddhesh,5th April Breakthrough Session with Siddhesh
27th April - Platinum Healing,27th April - Platinum Healing
,
Platinum Session with Indu Mam - Women Special,Platinum Session with Indu Mam - Women Special
Women Special,Women Special
Money Management Session with Indu Khatri,Money Management Session with Indu Khatri
DMP - Daily Magic Practice Recordings,
Platinum DMP,Platinum DMP
,
June'25 DMP Recordings,June'25 DMP Recordings
2nd June - I Deserve It,2nd June - I Deserve It
3rd June - Take a Chill Pill,3rd June - Take a Chill Pill
4th June - Depressed people are arrogant people,4th June - Depressed people are arrogant people
5th June - I Am Unconditionally Happy,5th June - I Am Unconditionally Happy
6th June - I am Responsible for My Feelings,6th June - I am Responsible for My Feelings
7th June - I Am Ready for Divine Energy,7th June - I Am Ready for Divine Energy
9th June - Unlimited Action Unlimited Fun,9th June - Unlimited Action Unlimited Fun
10th June - All i Need is Within Me Now,10th June - All i Need is Within Me Now
11th June - The Universe is With Me,11th June - The Universe is With Me
12th June - Prayers for the Plane Crash Passengers,12th June - Prayers for the Plane Crash Passengers
13th June - Making Money is Very Easy,13th June - Making Money is Very Easy
14th June - I am already Financially Free,14th June - I am already Financially Free
16th June - I Deserve it, 16th June - I Deserve it
17th June - I Love My Life,17th June - I Love My Life
18th June - Manifestation with Handwriting by Imran Sir,18th June - Manifestation with Handwriting by Imran Sir
19th June - I Love Moving,19th June - I Love Moving
20th June - I Am a Master at Relationships,20th June - I Am a Master at Relationships
21st June - I Have Self Esteem Not Money Esteem,21st June - I Have Self Esteem Not Money Esteem
23rd June - Being Happy is So Easy,23rd June - Being Happy is So Easy
24th June - I Can Handle It,24th June - I Can Handle It
25th June - Thank You,25th June - Thank You
26th June'25 - Affirmation Practice,26th June'25 - Affirmation Practice
26th June'25 - Emotional Freedom Technique(EFT),26th June'25 - Emotional Freedom Technique(EFT)
,
May'25 DMP Recording,May'25 DMP Recording
1st May - Ho'Oponopono for Money,1st May - Ho'Oponopono for Money
2nd May'25 - I Am Ready to Evolve,2nd May'25 - I Am Ready to Evolve
3rd May - I AM Ready to Upgrade My Standards,3rd May - I AM Ready to Upgrade My Standards
5th May - I Am Hopeful,5th May - I Am Hopeful
6th May - I Ignore Reality because I Create Reality,6th May - I Ignore Reality because I Create Reality
7th May - Thinking Good about Yourself - Imran Sir,7th May - Thinking Good about Yourself - Imran Sir
8th May - India Pak Peace Prayer,8th May - India Pak Peace Prayer
9th May - I can Restart,9th May - I can Restart
10th May - I am Enough I believe in my self,10th May - I am Enough I believe in my self
12th May - I Am Ready to Let Go of My Past,12th May - I Am Ready to Let Go of My Past
13th May - Thank You,13th May - Thank You
14th May - Is handwriting Pseudo or Occult with Imran Baig,14th May - Is handwriting Pseudo or Occult with Imran Baig
15th May - When Nothing is Working The Universe is Working,15th May - When Nothing is Working The Universe is Working
16th May - I Am Comfortable Being a Millionaire,16th May - I Am Comfortable Being a Millionaire
"17th May DMP - I Am Healed, I Leave the Past Behind","17th May DMP - I Am Healed, I Leave the Past Behind"
19th May - 21 Days Visualization Challenge,19th May - 21 Days Visualization Challenge
20th May - I Am Ready to Think BIG,20th May - I Am Ready to Think BIG
21st May - Live Signature Analysis with Imran Baig,21st May - Live Signature Analysis with Imran Baig
22nd May - I Am ready to Raise My Standards,22nd May - I Am ready to Raise My Standards
23rd - I Am Ready to Surrender,23rd - I Am Ready to Surrender
24th May - I Have Self Esteem Not Money Esteem,24th May - I Have Self Esteem Not Money Esteem
26th May - Ready to Live Life Platinum Standards,26th May - Ready to Live Life Platinum Standards
27th May -Enough Of Blaming Enough oF Complaining,27th May -Enough Of Blaming Enough oF Complaining
28th May - I am ready to live Infinity Goal,28th May - I am ready to live Infinity Goal
29th May - My Life is Whole & Complete,29th May - My Life is Whole & Complete
30th May'25 - I Replace Desperation with Satisfaction,30th May'25 - I Replace Desperation with Satisfaction
31st May - I Am A Peaceful Achiever,31st May - I Am A Peaceful Achiever
,
Apr'25 DMP Recording,Apr'25 DMP Recording
1st Apr - I will have fun with my family,1st Apr - I will have fun with my family
2nd Apr - I have two mind conscious mind and Subconscious,2nd Apr - I have two mind conscious mind and Subconscious
3rd Apr - I take 100% responsibilities whatever happen in Thailand & Myanmar,3rd Apr - I take 100% responsibilities whatever happen in Thailand & Myanmar
4th April - I Am 100 Percent Responsible for My Feelings,4th April - I Am 100 Percent Responsible for My Feelings
5th April - Unlimited Action Unlimited Fun,5th April - Unlimited Action Unlimited Fun
7th Mar - I am Balanced,7th Mar - I am Balanced
"8th Apr - I Love Myself, I am Enough","8th Apr - I Love Myself, I am Enough"
9th April - I Have An Excellent Relationship with Money,9th April - I Have An Excellent Relationship with Money
10th Apr - I Am Enough I Believe in Myself 1,10th Apr - I Am Enough I Believe in Myself 1
"11th April - I Am Healed, I Leave the Past Behind","11th April - I Am Healed, I Leave the Past Behind"
12th April - I Am A Peaceful Achiever,12th April - I Am A Peaceful Achiever
14th April - I can restart,14th April - I can restart
15th Apr - I Am Ready for Divine Energy,15th Apr - I Am Ready for Divine Energy
16th April - Take a Chill Pill,16th April - Take a Chill Pill
17th April - I Replace Desperation with Satisfaction,17th April - I Replace Desperation with Satisfaction
18th april - I am already Financially Free,18th april - I am already Financially Free
19th Apr - This Weekend My Life is Perfect,19th Apr - This Weekend My Life is Perfect
21st Apr - I Am Honest with Myself,21st Apr - I Am Honest with Myself
22nd April - My Magic is in My Words,22nd April - My Magic is in My Words
23rd Apr - My Happiness is More Imp Than My Goals,23rd Apr - My Happiness is More Imp Than My Goals
24th Apr - Healing for Kashmir,24th Apr - Healing for Kashmir
25th Apr - Making Money is Very Easy,25th Apr - Making Money is Very Easy
26th Apr DMP - My Emotions are My Habits,26th Apr DMP - My Emotions are My Habits
28th Apr - I Have SO Much in Life,28th Apr - I Have SO Much in Life
29th Apr - Ho'Oponopono for Health,29th Apr - Ho'Oponopono for Health
30th Apr - Ho'Oponopono for Relationship,30th Apr - Ho'Oponopono for Relationship
,
Mar'25 DMP Recording,Mar'25 DMP Recording
1st March - I Love Myself The Way I Am,1st March - I Love Myself The Way I Am
3rd March - YES I CAN!,3rd March - YES I CAN!
4th Mar - My Life is Complete,4th Mar - My Life is Complete
5th Mar - Interview of Jack Canfield,5th Mar - Interview of Jack Canfield
6th Mar - Everybody has something good and something bad,6th Mar - Everybody has something good and something bad
"7th Mar - I Don't Know How, Its DONE!","7th Mar - I Don't Know How, Its DONE!"
8th Mar - My Life is Perfect,8th Mar - My Life is Perfect
10th Mar - Unlimited Action Unlimited Fun,10th Mar - Unlimited Action Unlimited Fun
11th Mar - I am a Giver,11th Mar - I am a Giver
12th Mar - I Am Comfortable as a Habit,12th Mar - I Am Comfortable as a Habit
13th Mar - I Am Happy Unconditionally,13th Mar - I Am Happy Unconditionally
14th - I am who I say,14th - I am who I say
15th Mar - Say NO to Low Quality Emotions,15th Mar - Say NO to Low Quality Emotions
17th Mar - I Have Self Esteem Not Money Esteem,17th Mar - I Have Self Esteem Not Money Esteem
18th Mar - I am a Gratitude King/Queen,18th Mar - I am a Gratitude King/Queen
19th Mar - I Invite Successful Energy,19th Mar - I Invite Successful Energy
20th March - I Live Life Platinum Standards,20th March - I Live Life Platinum Standards
21st Mar - Making Money is Very Easy,21st Mar - Making Money is Very Easy
22nd Mar - I Am Hopeful,22nd Mar - I Am Hopeful
24th Mar - I Am Ready for Blessings,24th Mar - I Am Ready for Blessings
25th Mar - I Have SO Much in Life,25th Mar - I Have SO Much in Life
26th Mar - To be Consistent,26th Mar - To be Consistent
27th Mar - I have No Limits,27th Mar - I have No Limits
28th Mar - I Am Emotionally Independent,28th Mar - I Am Emotionally Independent
29th Mar - Take a Chill Pill,29th Mar - Take a Chill Pill
31st Mar - I am Bigger Than My Problems,31st Mar - I am Bigger Than My Problems
,
Feb'25 DMP Recording,Feb'25 DMP Recording
1st Feb - Feeling Relaxed is Very Easy for Me,1st Feb - Feeling Relaxed is Very Easy for Me
3rd Feb - The Universe is Inside Me,3rd Feb - The Universe is Inside Me
4th Feb - My Emotions are My Habits copy,4th Feb - My Emotions are My Habits copy
5th Feb - I Am Not My Personality,5th Feb - I Am Not My Personality
6th Feb - Life is a Beautiful Balance,6th Feb - Life is a Beautiful Balance
7th Feb - I Release All My Guilt,7th Feb - I Release All My Guilt
8th Feb - My Life is Perfect,8th Feb - My Life is Perfect
10th Feb - I AM Ready to Upgrade My Standards,10th Feb - I AM Ready to Upgrade My Standards
11h Feb - All My Problem Bring It ON,11h Feb - All My Problem Bring It ON
12th Feb - Spread Love & Healing,12th Feb - Spread Love & Healing
13th - I Am ready to Let Go of Hurt,13th - I Am ready to Let Go of Hurt
14th feb - Happy Valentine Day Special DMP,14th feb - Happy Valentine Day Special DMP
15th Feb - I Am Unconditionally Happy,15th Feb - I Am Unconditionally Happy
17th Feb - Unlimited Action Unlimited Fun,17th Feb - Unlimited Action Unlimited Fun
18th Feb - I Promise to Share My Gift,18th Feb - I Promise to Share My Gift
19th Feb - I Have Decided,19th Feb - I Have Decided
"20th Feb - I Forgive Myself, I Start a New Life","20th Feb - I Forgive Myself, I Start a New Life"
21st Feb - Yes I Have SO What I can Start Again,21st Feb - Yes I Have SO What I can Start Again
22nd Feb - I Am Happy I Have Everything I Need,22nd Feb - I Am Happy I Have Everything I Need
24th Feb - I Am Ready To Upgrade My Life,24th Feb - I Am Ready To Upgrade My Life
25th Feb - I Have No Limits,25th Feb - I Have No Limits
26th Feb - Special Maha Shivratri OM Meditation,26th Feb - Special Maha Shivratri OM Meditation
27th Feb - Universe is my Partner,27th Feb - Universe is my Partner
28th Feb - Ho'Oponopono Practice,28th Feb - Ho'Oponopono Practice
,
Jan'25 DMP Recording,Jan'25 DMP Recording
1st Jan - Happy New Me,1st Jan - Happy New Me
2nd Jan - I am ready to release my negative energy,2nd Jan - I am ready to release my negative energy
3rd Jan - Its easy to be Happy,3rd Jan - Its easy to be Happy
4th Jan - I Am Happy I Have Everything I Need,4th Jan - I Am Happy I Have Everything I Need
6th Jan - I believe in Myself,6th Jan - I believe in Myself
"7th Jan - I Dont Feel, I Create Feelings","7th Jan - I Dont Feel, I Create Feelings"
"8th Jan - When Nothing is Working, My Universe is Working","8th Jan - When Nothing is Working, My Universe is Working"
9th Jan - Thank You to Everyone Everything,9th Jan - Thank You to Everyone Everything
10th Jan - Ho'Oponopono,10th Jan - Ho'Oponopono
13th Jan - I am Emotionally RICH,13th Jan - I am Emotionally RICH
"14th Jan - What I Don't Have, I Give","14th Jan - What I Don't Have, I Give"
15th Jan - Yes I have the Energy,15th Jan - Yes I have the Energy
16th Jan - DMP I Am Unconditionally Happy,16th Jan - DMP I Am Unconditionally Happy
17th Jan - I Am The Universe,17th Jan - I Am The Universe
18th Jan - My Life is Complete,18th Jan - My Life is Complete
20th - I Am Always Taken Care of,20th - I Am Always Taken Care of
21st Jan - Say NO to Low Quality Emotions,21st Jan - Say NO to Low Quality Emotions
"22nd jan - What I Remember The Most, I Feel The Most","22nd jan - What I Remember The Most, I Feel The Most"
23rd Jan - Feeling Relaxed is Very Easy,23rd Jan - Feeling Relaxed is Very Easy
24th Jan - All Type of People are Acceptable,24th Jan - All Type of People are Acceptable
25th Jan - This Weekend My Life is Perfect,25th Jan - This Weekend My Life is Perfect
27th Jan - I Love Myself the Way I Am,27th Jan - I Love Myself the Way I Am
28th Jan - My Life is What i Say it is,28th Jan - My Life is What i Say it is
29th Jan - The Way we Deal with Ourself,29th Jan - The Way we Deal with Ourself
"30th Jan - Thank You Jan, Welcome Feb","30th Jan - Thank You Jan, Welcome Feb"
31st Jan - I Take 100% Responsibility for my Life,31st Jan - I Take 100% Responsibility for my Life
,
Dec'24 DMP Recording,Dec'24 DMP Recording
2nd Dec - My Emotions are My Habits,2nd Dec - My Emotions are My Habits
3rd Dec - I am willing to believe miracle are possible,3rd Dec - I am willing to believe miracle are possible
4th Dec - Root Cause of my emotion are imbalance,4th Dec - Root Cause of my emotion are imbalance
5th Dec - DMP I Am Unconditionally Happy,5th Dec - DMP I Am Unconditionally Happy
6th Dec - The Universe is Inside Me I Can Do Anything,6th Dec - The Universe is Inside Me I Can Do Anything
7th Dec - All I Need is Within Me Now,7th Dec - All I Need is Within Me Now
9th Dec - I am Unconditionally Happy,9th Dec - I am Unconditionally Happy
10th Dec - I See Myself in Everyone,10th Dec - I See Myself in Everyone
"11th Dec - I Am a Magician, I Keep Learning and Growing","11th Dec - I Am a Magician, I Keep Learning and Growing"
"12th Dec - Bring it ON, I Can Handle It","12th Dec - Bring it ON, I Can Handle It"
14th Dec - I Create My Own Reality,14th Dec - I Create My Own Reality
16th DMP - I Can Change My Emotions FAST,16th DMP - I Can Change My Emotions FAST
17th Dec- Yes i have the Energy,17th Dec- Yes i have the Energy
18th Dec - The Best Year of Your Life Day 1,18th Dec - The Best Year of Your Life Day 1
19th Dec - The Best Year of Your Life Day 2,19th Dec - The Best Year of Your Life Day 2
20th Dec - The Best Year of Your Life Day 3,20th Dec - The Best Year of Your Life Day 3
21st Dec - I AM Ready for Success & Failure Both,21st Dec - I AM Ready for Success & Failure Both
23rd Dec - I Am Ready for Blessings,23rd Dec - I Am Ready for Blessings
24th Dec - All I Need is Within Me Now,24th Dec - All I Need is Within Me Now
25th Dec - I Live My Future NOW,25th Dec - I Live My Future NOW
26th Dec - I Fall Fast I Move ON Fast,26th Dec - I Fall Fast I Move ON Fast
27th Dec - Love is Easy if i Make it Easy,27th Dec - Love is Easy if i Make it Easy
28th Dec - I Am Ready to Release all my Negative Energy,28th Dec - I Am Ready to Release all my Negative Energy
30th Dec - My Words Have Magic,30th Dec - My Words Have Magic
31st Dec - Happy New Year,31st Dec - Happy New Year
,
Nov'24 DMP Recording,Nov'24 DMP Recording
1st Nov - Emotional Prosperity,1st Nov - Emotional Prosperity
2nd Nov - I Give Time To My Family,2nd Nov - I Give Time To My Family
4th Nov - I am Born Committed,4th Nov - I am Born Committed
5th Nov - I Love Myself The Way I am Unconditionally,5th Nov - I Love Myself The Way I am Unconditionally
7th Nov - I Surrender,7th Nov - I Surrender
8th Nov - My FTBA is Aligned with My Goals,8th Nov - My FTBA is Aligned with My Goals
9th oct - DMP This Weekend My Life is Perfect.mp4,9th oct - DMP This Weekend My Life is Perfect.mp4
11th Nov - I Am a Balanced Magician,11th Nov - I Am a Balanced Magician
12th Nov - I AM Responsible for the way i Feel,12th Nov - I AM Responsible for the way i Feel
13th Nov - I am a warrior,13th Nov - I am a warrior
14th Nov - Health HoOponopono,14th Nov - Health HoOponopono
15th Nov -Relationship HoOponopono,15th Nov -Relationship HoOponopono
16th Nov - I am 100% Sure,16th Nov - I am 100% Sure
18th Nov - HoOponopono for Career,18th Nov - HoOponopono for Career
19th Nov - I Love Money,19th Nov - I Love Money
20th Nov - I Am Ready for Greatness,20th Nov - I Am Ready for Greatness
21st Nov - I Am Peaceful,21st Nov - I Am Peaceful
22nd Now - I Am a Magician,22nd Now - I Am a Magician
23rd Nov - I Love Myself The Way I Am,23rd Nov - I Love Myself The Way I Am
25th Nov - I Have Unlimited Chances,25th Nov - I Have Unlimited Chances
26th Nov - Ho'Oponopono,26th Nov - Ho'Oponopono
27th Nov - Small Changes Can Make Big Changes,27th Nov - Small Changes Can Make Big Changes
28th Nov - I Am Satisfied Not Desperate,28th Nov - I Am Satisfied Not Desperate
29th Nov - I Live Life Platinum Standards,29th Nov - I Live Life Platinum Standards
30th Nov - I Am Enough I Believe in Myself,30th Nov - I Am Enough I Believe in Myself
,
Oct'24 DMP Recording,Oct'24 DMP Recording
1st Oct - It is Easy to Smile,1st Oct - It is Easy to Smile
2nd Oct - Focus all your Energy in Third Eye,2nd Oct - Focus all your Energy in Third Eye
3rd Oct - 9 Days of Navratri Fasting,3rd Oct - 9 Days of Navratri Fasting
4th Oct - I Am Responsible for Everything in My Life,4th Oct - I Am Responsible for Everything in My Life
5th Oct - I Am Unconditionally Happy,5th Oct - I Am Unconditionally Happy
7th Oct DMP - Say NO to Low Quality Emotions,7th Oct DMP - Say NO to Low Quality Emotions
8th Oct - When Nothing is Working The Universe is Working,8th Oct - When Nothing is Working The Universe is Working
"10th Oct - I Have Unlimited Options, Unlimited Chances","10th Oct - I Have Unlimited Options, Unlimited Chances"
11th Oct - I AM Happy Unconditionally,11th Oct - I AM Happy Unconditionally
12th Oct - I surrender,12th Oct - I surrender
14th Oct - I Love Myself The Way I Am,14th Oct - I Love Myself The Way I Am
15th Oct - Ho'Oponopono,15th Oct - Ho'Oponopono
16th Oct - Enough Solving Time for Evolving,16th Oct - Enough Solving Time for Evolving
17th Oct - I Say Who I Say I Am,17th Oct - I Say Who I Say I Am
18th Oct - I Am Ready to Be Imperfect,18th Oct - I Am Ready to Be Imperfect
19th Oct - Nothing is a Curse Everything Is a Blessing,19th Oct - Nothing is a Curse Everything Is a Blessing
21st - I love myself, 21st - I love myself
22nd Oct - Take a Chill Pill,22nd Oct - Take a Chill Pill
23rd Oct - I Live this Moment Fully,23rd Oct - I Live this Moment Fully
24th Oct - At Energy level we are all One,24th Oct - At Energy level we are all One
25th Oct - HoOponopono,25th Oct - HoOponopono
26th Oct - Feeling Relaxed is Very Easy for Me,26th Oct - Feeling Relaxed is Very Easy for Me
28th Oct - My Birthday Celebration,28th Oct - My Birthday Celebration
29th Oct - I AM,29th Oct - I AM
30th Oct - A heart full of love,30th Oct - A heart full of love
31st Oct - Daily Dance,31st Oct - Daily Dance
,
Sept'24 DMP Recordings,Sept'24 DMP Recordings
2nd Sep - I Am Ready to Be Imperfect,2nd Sep - I Am Ready to Be Imperfect
3rd Sep - I AM Ready for Success & Failure Both,3rd Sep - I AM Ready for Success & Failure Both
4th Sep - My Frequency is more Important,4th Sep - My Frequency is more Important
5th Sep - I am Ready to Open My Heart,5th Sep - I am Ready to Open My Heart
6th Sept - I am A magician,6th Sept - I am A magician
7th Sep - I Create My Own Reality,7th Sep - I Create My Own Reality
9th Sep - I Am Ready for Blessings,9th Sep - I Am Ready for Blessings
10th - LIVE Coaching to Help Suicidal People to Live Inspired Life,10th - LIVE Coaching to Help Suicidal People to Live Inspired Life
11th Sep - Yes I Am Ready to Grow,11th Sep - Yes I Am Ready to Grow
"12th Sep - I Am Healed, I Leave the Past Behind","12th Sep - I Am Healed, I Leave the Past Behind"
13th Sep - I Love Being Happy,13th Sep - I Love Being Happy
14th Sep - Feeling Relaxed is Very Easy for Me,14th Sep - Feeling Relaxed is Very Easy for Me
16th Sep - I am taken care of,16th Sep - I am taken care of
17th Sep - I Am Satisfied,17th Sep - I Am Satisfied
18th Sep - Complete Basic Law of Attraction Course,18th Sep - Complete Basic Law of Attraction Course
19th Sep - I Am ready to THINK BIG,19th Sep - I Am ready to THINK BIG
20th Sep - Life is What i Say It Is,20th Sep - Life is What i Say It Is
23rd Sep - Love'ponopono,23rd Sep - Love'ponopono
24th Sep - I Let go if these Attachments,24th Sep - I Let go if these Attachments
25th Sep - Ho'Oponopono,25th Sep - Ho'Oponopono
"26th Sep - I Am Ready to Feel, Ready to Live","26th Sep - I Am Ready to Feel, Ready to Live"
,
Aug'24 DMP Recordings,Aug'24 DMP Recordings
1st Aug - Being Happy is Easy,1st Aug - Being Happy is Easy
2nd Aug - Changing Emotions is Easy,2nd Aug - Changing Emotions is Easy
5th Aug - I Replace Desperation with Satisfaction,5th Aug - I Replace Desperation with Satisfaction
6th Aug - Anniversary Special Sharing,6th Aug - Anniversary Special Sharing
7th Aug - I Can Restart,7th Aug - I Can Restart
8th Aug - My Emotions are More Important Than My Goals,8th Aug - My Emotions are More Important Than My Goals
9th Aug - I AM Ready to Upgrade My Standards,9th Aug - I AM Ready to Upgrade My Standards
10th Aug - Feeling Relaxed is Very Easy for Me,10th Aug - Feeling Relaxed is Very Easy for Me
12th Aug - I Am Balanced,12th Aug - I Am Balanced
"13th Aug - I Love Myself, I Love My Life","13th Aug - I Love Myself, I Love My Life"
14th Aug - Feeling Relaxed is Very Easy for Me,14th Aug - Feeling Relaxed is Very Easy for Me
15th Aug - I Surrender,15th Aug - I Surrender
16th Aaug - I Can Change My Emotions FAST,16th Aaug - I Can Change My Emotions FAST
17th Aug - Nothing is a Curse Everything is a Blessing,17th Aug - Nothing is a Curse Everything is a Blessing
19th Aug - All I Need is Within Me Now,19th Aug - All I Need is Within Me Now
20th Aug - I Am A Peaceful Achiever,20th Aug - I Am A Peaceful Achiever
21st Aug - Being Happy is More Important Than Being Right,21st Aug - Being Happy is More Important Than Being Right
22nd Aug - I Am Ready to Accept I Am a Magician,22nd Aug - I Am Ready to Accept I Am a Magician
22nd Aug - My Experience with Dr Joe Dispenza Workshop in Texas,22nd Aug - My Experience with Dr Joe Dispenza Workshop in Texas
23rd Aug - Feeling Relaxed is very Easy,23rd Aug - Feeling Relaxed is very Easy
24th Aug - I Am Reaady to Release all my Negative Energy,24th Aug - I Am Reaady to Release all my Negative Energy
26th Aug - Bring it ON!,26th Aug - Bring it ON!
27th Aug - I Dont Know How,27th Aug - I Dont Know How
28th Aug - I Am Ready for Divine Energy,28th Aug - I Am Ready for Divine Energy
,
July 24 - DMP Recording,July 24 - DMP Recording
"1st July - I have Limitation,How much i can Achieve","1st July - I have Limitation,How much i can Achieve"
2nd July - I Surrender to You Universe,2nd July - I Surrender to You Universe
"3rd July - My Emotions are Habit, I Control Them","3rd July - My Emotions are Habit, I Control Them"
4th July - I Am Unconditionally Happy,4th July - I Am Unconditionally Happy
5th July - Anger is Silly,5th July - Anger is Silly
6th July - Feeling Relaxed is Very Easy for Me,6th July - Feeling Relaxed is Very Easy for Me
8th July - 7 Days Challenge to Stop Evolving,8th July - 7 Days Challenge to Stop Evolving
9th July - I take 100% Responsibility For Everything Happening in My Life,9th July - I take 100% Responsibility For Everything Happening in My Life
10th July - I Am Ready to Create My Future,10th July - I Am Ready to Create My Future
11th July - I Attract What I Feel,11th July - I Attract What I Feel
12th July - I Can Restart Unlimited times,12th July - I Can Restart Unlimited times
13th July - Hooponopono Healing,13th July - Hooponopono Healing
15th July - I Can Change My Emotions FAST,15th July - I Can Change My Emotions FAST
16th July - I am Ready to Be a Totally Different Person,16th July - I am Ready to Be a Totally Different Person
17th July - I am a Giver,17th July - I am a Giver
18th July -The Smaller the person inside me Bigger the result Outside me,18th July -The Smaller the person inside me Bigger the result Outside me
19th July - I Am Responsible for Everything in My Life,19th July - I Am Responsible for Everything in My Life
20th July - This Weekend My Life is Perfect,20th July - This Weekend My Life is Perfect
22th june- I am Ready to Except I am a Magician,22th june- I am Ready to Except I am a Magician
23rd July - I AM I HAVE,23rd July - I AM I HAVE
24th July - Making Money is Very Easy,24th July - Making Money is Very Easy
25th July - Love is Easy,25th July - Love is Easy
26th July - The Universe is My Partner,26th July - The Universe is My Partner
27th July - I Am Reaady to Release all my Negative Energy,27th July - I Am Reaady to Release all my Negative Energy
29th July - All I Need is Within Me Now,29th July - All I Need is Within Me Now
30th July - YES I Have The Energy to Take Care of My Health,30th July - YES I Have The Energy to Take Care of My Health
31st July - My Life is Perfect,31st July - My Life is Perfect